VM,8122
VH,1004
V,75310
M,1028
H,177
vestibular,122196
t,71261
http,66739
co,64351
i,58340
the,53962
a,51402
and,47953
to,41324
of,40261
in,32872
for,28568
it,22786
with,22343
,18430
system,18004
on,16847
my,16235
you,15779
that,14947
have,13416
thi,12292
migraine,11665
balance,11548
can,11359
from,11020
be,10699
but,10620
are,10140
at,9830
disorder,8977
&amp,8914
disease,8901
by,8805
or,8528
vertigo,8426
so,8415
your,8266
not,8149
we,7796
me,7347
an,6988
wa,6973
m,6944
about,6859
more,6607
our,6586
if,6495
ha,6448
what,6382
had,6356
out,6170
dizzines,6154
new,6142
ear,6075
do,5987
patient,5903
all,5616
just,5603
like,5580
help,5561
get,5472
visual,5350
how,5311
rehabilitation,5053
therapy,5022
symptom,5010
up,4875
one,4805
they,4781
schwannoma,4680
when,4529
issue,4524
no,4515
now,4496
day,4479
brain,4334
know,4174
dog,4136
she,4124
some,3993
concussion,3965
time,3949
also,3915
he,3915
which,3901
proprioceptive,3882
rehab,3763
after,3739
there,3732
year,3722
today,3670
head,3646
syndrome,3582
been,3576
control,3548
sensory,3531
will,3504
cause,3424
2,3409
sense,3319
movement,3304
need,3287
human,3226
may,3206
work,3148
inner,3120
hearing,3106
treatment,3102
her,3097
information,3091
don,3086
other,3085
ve,3052
good,3044
week,3029
who,3014
people,3014
u,3003
thank,2978
test,2960
thing,2909
problem,2890
very,2886
dizzy,2860
eye,2829
neuriti,2828
function,2791
great,2780
here,2769
via,2768
physical,2766
see,2747
think,2745
pt,2736
hi,2714
make,2659
within,2588
dysfunction,2578
feel,2563
3,2497
well,2466
would,2461
re,2443
nerve,2438
could,2430
too,2406
1,2399
still,2389
better,2374
most,2365
afferent,2364
source,2353
variety,2346
back,2339
much,2314
their,2312
locomotion,2283
cpg,2263
old,2255
really,2233
these,2223
dr,2218
utilized,2209
got,2203
w,2158
exercise,2121
because,2103
video,2089
los,2088
go,2077
did,2073
many,2071
parkinson,2060
study,2060
way,2053
stimulation,2043
any,2042
course,2039
motion,2027
input,2018
research,2016
am,2012
than,2011
bit,2011
over,2008
condition,1987
therapist,1986
first,1969
body,1969
learn,1939
only,1932
them,1920
life,1899
assessment,1896
why,1886
look,1878
last,1873
vision,1871
take,1846
lot,1831
health,1825
use,1824
chronic,1810
into,1797
going,1788
having,1774
testing,1770
meniere,1765
central,1764
stroke,1762
experience,1757
even,1743
month,1739
down,1679
off,1669
part,1669
find,1666
effect,1654
being,1652
vet,1651
post,1632
fall,1632
diagnosi,1631
read,1628
d,1621
proprioception,1620
through,1617
then,1604
should,1594
physio,1594
right,1588
diagnosed,1584
bppv,1584
facebook,1583
doe,1582
children,1574
photo,1562
clinical,1560
love,1546
ocular,1544
hope,1522
posted,1516
common,1504
auditory,1503
check,1499
those,1495
care,1494
case,1494
4,1472
few,1469
motor,1459
please,1457
long,1456
learning,1456
getting,1456
training,1450
during,1450
say,1445
support,1439
pain,1425
doctor,1418
something,1416
0ekeme5g79,1412
want,1389
awarenes,1385
ly,1356
headache,1343
article,1340
peripheral,1340
ll,1333
thought,1326
related,1305
feeling,1293
ye,1281
sound,1281
5,1273
without,1271
infection,1271
doing,1264
might,1262
affect,1258
were,1255
kid,1254
between,1247
come,1240
while,1222
since,1222
keep,1218
before,1218
due,1214
little,1211
best,1209
sure,1204
two,1203
where,1199
walk,1194
injury,1192
using,1180
neuro,1175
ent,1165
episode,1163
review,1162
looking,1147
improve,1142
both,1134
called,1130
type,1129
fun,1124
talk,1121
used,1118
never,1115
often,1113
same,1109
bad,1106
give,1104
home,1100
rt,1100
acute,1095
result,1093
next,1089
specialist,1089
fb,1087
him,1078
again,1077
let,1071
child,1069
10,1065
treat,1064
management,1064
live,1055
med,1052
another,1052
tumor,1052
nausea,1051
processing,1045
medical,1044
important,1043
tinnitu,1042
attack,1041
change,1036
anyone,1023
provide,1023
associated,1019
try,1013
found,1011
ago,1006
around,1001
such,1000
play,998
caused,995
walking,991
potential,986
working,985
alway,983
sign,967
seem,966
muscle,957
interesting,956
age,956
said,953
group,947
full,944
clinic,943
etc,943
acoustic,941
blog,937
side,936
hard,931
different,929
anxiety,928
surgery,909
world,907
development,903
left,902
cell,901
every,900
6,896
ever,894
doesn,894
recovery,890
sicknes,889
spinning,888
start,886
based,886
though,885
someone,880
made,878
adult,878
swing,877
activitie,875
show,873
neurology,866
morning,865
suffer,865
damage,863
neurological,862
maybe,861
hour,859
oh,855
free,853
space,843
top,838
mean,837
sometime,837
able,837
imbalance,835
7,834
vr,834
didn,833
link,830
labyrinthiti,828
following,826
neuroma,825
evoked,821
cat,821
worse,821
call,821
e,820
cochlear,817
went,813
poor,809
done,808
physiotherapy,807
center,807
older,803
cognitive,802
canal,801
usually,793
info,787
daily,782
online,778
soon,775
sorry,775
+,774
actually,769
tbi,768
trigger,766
physicaltherapy,765
impact,762
high,762
night,761
idiopathic,759
trying,759
normal,749
friend,749
v,748
happy,744
question,743
com,741
nystagmu,739
hear,738
end,732
started,730
job,729
8,729
self,724
register,724
early,722
–,721
book,719
idea,718
team,715
tomorrow,714
severe,713
living,713
role,712
tell,711
took,708
bilateral,707
including,706
organ,705
ce,705
until,704
happen,703
response,700
sick,700
audiology,700
visit,698
o,698
covid,697
term,697
approach,694
move,693
update,692
together,690
galvanic,689
light,686
join,685
include,681
sleep,680
myogenic,677
benign,676
person,676
similar,676
helped,676
sport,674
neck,674
isn,673
hospital,672
big,667
program,667
stop,666
conference,665
practice,664
making,661
mri,660
ask,659
coming,657
known,657
outcome,656
stuff,653
area,652
away,651
tilt,650
probably,650
integration,648
cervical,644
level,643
moving,642
point,642
spatial,639
place,638
evaluation,638
needed,637
understand,636
put,635
either,633
education,633
9,633
kind,632
12,632
student,628
fortaleza,627
share,626
position,625
apparatu,624
key,623
anything,622
association,622
available,621
likely,618
benefit,618
impairment,616
finding,615
own,614
turn,614
deficit,614
session,614
service,613
evidence,610
suffering,610
lead,610
wish,609
risk,608
physiotherapist,607
diagnose,606
science,606
school,604
finally,603
paper,602
develop,602
reading,600
yet,599
positional,599
must,596
autism,595
gravity,593
postural,593
each,589
watch,589
unilateral,587
almost,586
pretty,585
ok,582
non,579
word,579
perception,579
follow,575
hand,574
told,572
audpeep,572
medicine,572
skill,569
challenge,569
pressure,568
liked,568
pre,567
screening,567
ot,564
everything,563
current,563
amazing,562
sensation,560
tool,559
possible,559
hypofunction,553
baby,552
mine,552
seen,552
diagnostic,548
three,547
pathway,547
reflex,546
present,545
workshop,545
yeah,542
medication,541
neurologist,541
x,539
enough,539
ready,538
fine,533
tip,533
veda,532
nothing,530
de,527
explain,527
myself,525
focu,525
touch,522
&gt,520
tactile,520
activity,519
definitely,519
c,518
falling,517
yesterday,515
oculomotor,514
report,514
taking,514
stres,513
&,513
15,512
storie,511
functional,511
lol,510
affected,509
small,508
virtual,507
low,507
advanced,504
neuroniti,502
everyone,501
once,500
reduce,499
pediatric,499
real,497
les,496
30,496
b,496
implant,495
recently,494
special,493
helping,490
difference,486
answer,486
far,485
event,484
lab,484
treating,484
heard,482
couldn,482
whole,481
doc,479
exam,478
already,477
offer,477
expert,475
recent,474
open,470
researcher,469
under,467
model,464
stand,464
hit,464
serie,463
aqueduct,462
luck,461
mind,461
especially,460
causing,460
multiple,460
game,458
room,455
signal,454
audiologist,454
webinar,453
2012,453
recover,452
else,452
least,451
rest,451
coordination,451
paroxysmal,450
attention,450
suck,447
true,447
bed,447
individual,447
difficult,447
nice,445
illnes,443
hair,442
mis,442
starting,440
gait,440
specific,438
sensitivity,438
couple,437
second,437
forward,437
website,436
came,436
reason,435
wait,434
n,433
state,432
factor,432
form,432
effective,431
fact,431
13,430
scary,429
lost,428
glad,428
goe,427
radiosurgery,427
latest,426
disability,426
fluid,425
journal,424
quite,422
believe,422
thinking,422
deal,421
spin,420
g,417
later,417
saw,416
analysi,416
—,416
seeing,415
mom,415
studie,415
developed,414
understanding,414
story,413
appointment,413
drug,413
family,412
hopefully,411
list,411
technique,411
increase,410
accessibility,410
p,410
blood,409
past,409
presentation,408
major,407
weird,407
gp,407
regular,406
girl,405
chair,404
stimulate,404
meeting,402
man,402
treated,402
wonder,401
orientation,400
dpt,399
yr,399
minute,399
short,399
enem,399
worst,398
several,397
wrong,397
standing,397
talking,397
hoping,395
taste,395
quality,395
become,394
induced,394
20,393
cerebellar,393
nervou,392
neuroscience,390
experienced,390
facial,389
large,388
r,388
tried,387
add,386
knowledge,385
stay,385
youtube,384
14,383
11,383
vestibularmigraine,383
fatigue,383
developing,383
super,383
car,383
topic,382
easy,382
experiencing,382
send,380
heart,379
helpful,378
athlete,377
excellent,375
option,374
canine,374
clas,373
growth,373
won,372
international,371
along,371
pet,370
plu,369
resource,369
set,369
sudden,368
clear,368
basically,367
uk,367
smell,367
24,367
step,367
spd,367
braingym,367
recording,366
al,365
leg,364
et,363
movetolearn,363
boy,362
learned,362
wasn,361
direction,361
19,361
haven,361
gues,361
rare,360
ability,360
field,360
internal,359
braintumorthursday,359
animation,358
member,358
trial,358
young,357
simple,357
prevent,356
manage,356
interested,356
podcast,356
hearinglos,356
bc,354
fast,354
ball,354
main,354
audio,351
guy,350
apparently,350
bring,350
seizure,349
feedback,349
systematic,348
primary,348
nov,347
gave,346
tonight,346
future,346
protocol,346
huge,345
university,345
core,344
md,344
importance,344
pas,343
published,343
acces,343
2018,343
middle,342
board,342
healthcare,342
perspective,342
vor,342
im,340
rate,339
40,339
excited,337
consider,337
resection,336
worth,335
geriatric,334
contact,334
sit,333
explore,332
dynamic,331
however,331
enlarged,331
awesome,330
screen,330
intervention,328
fuck,328
history,328
debilitating,327
shit,327
sight,327
okay,326
suggest,326
posture,326
dealing,325
gonna,325
pppd,325
data,325
chronicillnes,325
pawcircle,325
given,323
cool,323
remember,323
vrt,323
single,322
2019,321
phd,320
rocking,320
positive,320
bout,319
meet,319
friday,319
performance,319
caloric,319
welcome,318
awful,318
ride,317
reality,317
occur,316
professional,316
weekend,316
example,315
ataxia,315
strength,315
traumatic,315
number,314
wellnes,314
maneuver,313
changed,313
trouble,313
balanceawarenessweek,313
june,312
mild,311
recommend,311
bone,311
persistent,311
healthy,311
disturbance,311
impulse,311
alone,310
stability,310
2nd,310
god,309
trained,309
name,308
mostly,308
seriou,308
train,308
hate,307
active,307
improving,307
hey,306
half,306
semicircular,306
essential,306
plan,306
food,306
below,306
influence,305
connection,305
noise,305
complex,304
break,304
music,304
sensitive,304
close,304
face,304
sharing,303
1st,303
american,303
literally,303
feature,303
25,303
run,302
cranial,302
absolutely,302
feet,302
16,301
hell,301
constant,300
viru,300
vm,300
location,299
sort,299
behavior,299
increased,298
elderly,297
involved,297
improvement,296
rather,296
drive,296
added,296
agree,295
slow,295
neuron,295
basic,294
presenting,293
continue,293
currently,292
community,292
volume,292
cando,291
mental,291
outside,290
certification,290
comprehensive,290
clinician,290
new2trip,290
felt,289
technology,289
specialize,289
floor,289
physician,289
vemp,288
2020,288
pattern,288
injurie,288
recovering,287
lecture,287
among,287
tweet,286
drunk,286
yoga,286
uploaded,286
water,285
spine,285
anatomy,285
lesion,284
google,283
worked,283
presence,283
gone,283
18,282
completely,282
although,282
yourself,282
vomiting,282
enjoy,281
lack,281
useful,280
house,280
twitter,279
instead,279
detail,278
recovered,277
suffered,277
maintain,277
line,277
deaf,277
giving,277
mechanism,277
pathology,276
relief,276
triggered,274
order,274
depression,274
sitting,273
power,273
examination,273
w4cwitbr,273
save,272
cure,272
epley,271
aren,271
waiting,271
passar,271
emergency,270
referral,270
animal,270
happened,269
general,269
round,268
significant,268
objective,268
onset,267
environment,267
provider,267
damaged,266
vestibulardisorder,266
somatosensory,266
equilibrium,266
ed,265
design,265
quickly,265
designed,265
permanent,265
moment,265
watching,264
planning,264
fantastic,262
strategie,262
further,262
gland,261
aura,261
page,261
safe,260
17,260
acros,260
click,260
listen,259
aid,259
weight,259
dx,259
speech,259
interest,258
improved,258
toy,258
forget,258
quick,258
note,257
whether,257
cerebellum,257
gaze,257
hint,257
diet,256
vlog,256
struggle,255
eat,255
folk,254
trauma,254
correct,254
pubmed,254
longer,253
cancer,253
fully,252
exactly,252
proces,252
create,252
certified,252
